cliente_id,nombre,email,pais,plan,fecha_registro
C001,Jorge Quispe,cliente001@datavision-demo.com,Ecuador,Profesional,2025-09-08
C002,Pedro Ramos,cliente002@datavision-demo.com,Ecuador,Gratuito,2026-07-13
C003,Carla Salazar,cliente003@datavision-demo.com,México,Gratuito,2025-01-31
C004,Carla Mendoza,cliente004@datavision-demo.com,Chile,Gratuito,2026-07-29
C005,Lucía Chávez,cliente005@datavision-demo.com,Ecuador,Empresarial,2025-08-14
C006,Paola Salazar,cliente006@datavision-demo.com,Colombia,Gratuito,2025-06-13
C007,Rafael Castillo,cliente007@datavision-demo.com,Colombia,Básico,2025-08-09
C008,Valeria Flores,cliente008@datavision-demo.com,Perú,Empresarial,2025-04-10
C009,Andrés Cruz,cliente009@datavision-demo.com,Colombia,Profesional,2025-02-14
C010,Paola Huamán,cliente010@datavision-demo.com,Perú,Empresarial,2025-03-22
C011,Sergio Vargas,cliente011@datavision-demo.com,Ecuador,Profesional,2026-08-15
C012,Lucía Chávez,cliente012@datavision-demo.com,Perú,Gratuito,2025-08-22
C013,Miguel Flores,cliente013@datavision-demo.com,Chile,Gratuito,2026-01-25
C014,Sofía Torres,cliente014@datavision-demo.com,Ecuador,Profesional,2025-06-16
C015,Andrés Castillo,cliente015@datavision-demo.com,Chile,Profesional,2025-03-15
C016,Iván Paredes,cliente016@datavision-demo.com,Chile,Básico,2025-06-17
C017,Paola Rojas,cliente017@datavision-demo.com,Colombia,Básico,2025-11-29
C018,Luis Mendoza,cliente018@datavision-demo.com,Perú,Profesional,2026-02-15
C019,Sofía Flores,cliente019@datavision-demo.com,Chile,Profesional,2025-08-06
C020,Hugo Rojas,cliente020@datavision-demo.com,Ecuador,Empresarial,2025-05-27
C021,Sofía Ramos,cliente021@datavision-demo.com,Chile,Profesional,2026-08-22
C022,Rafael Medina,cliente022@datavision-demo.com,Argentina,Empresarial,2026-01-06
C023,Pedro Ramos,cliente023@datavision-demo.com,Argentina,Empresarial,2025-04-04
C024,Luis Cruz,cliente024@datavision-demo.com,Perú,Básico,2025-06-13
C025,Rafael Salazar,cliente025@datavision-demo.com,Perú,Empresarial,2026-01-26
C026,Iván Torres,cliente026@datavision-demo.com,Argentina,Profesional,2026-07-21
C027,Ana Paredes,cliente027@datavision-demo.com,Ecuador,Gratuito,2026-07-04
C028,Sofía Delgado,cliente028@datavision-demo.com,Ecuador,Profesional,2025-04-25
C029,Miguel Rojas,cliente029@datavision-demo.com,Chile,Empresarial,2025-01-04
C030,Sofía Huamán,cliente030@datavision-demo.com,Chile,Gratuito,2025-11-02
C031,Daniela Salazar,cliente031@datavision-demo.com,Chile,Básico,2026-01-18
C032,Diego Huamán,cliente032@datavision-demo.com,Argentina,Gratuito,2025-11-28
C033,Hugo Quispe,cliente033@datavision-demo.com,Perú,Profesional,2025-11-11
C034,Pedro Quispe,cliente034@datavision-demo.com,Chile,Gratuito,2025-03-29
C035,Hugo Cruz,cliente035@datavision-demo.com,Perú,Básico,2025-05-12
C036,Hugo Huamán,cliente036@datavision-demo.com,Chile,Profesional,2026-06-25
C037,Iván Rojas,cliente037@datavision-demo.com,Chile,Básico,2025-11-16
C038,Camila Paredes,cliente038@datavision-demo.com,Ecuador,Profesional,2026-03-25
C039,Daniela Torres,cliente039@datavision-demo.com,Perú,Básico,2025-08-19
C040,Carla Castillo,cliente040@datavision-demo.com,Perú,Básico,2025-08-14
C041,Ana Flores,cliente041@datavision-demo.com,Ecuador,Gratuito,2025-08-23
C042,Carla Medina,cliente042@datavision-demo.com,Perú,Profesional,2025-03-14
C043,Daniela Mendoza,cliente043@datavision-demo.com,Colombia,Empresarial,2025-08-08
C044,Sergio Ramos,cliente044@datavision-demo.com,Ecuador,Empresarial,2025-09-06
C045,Hugo Delgado,cliente045@datavision-demo.com,México,Básico,2025-04-07
C046,Jorge Paredes,cliente046@datavision-demo.com,México,Profesional,2026-03-10
C047,Rafael Torres,cliente047@datavision-demo.com,Ecuador,Gratuito,2025-04-11
C048,Luis Rojas,cliente048@datavision-demo.com,Ecuador,Profesional,2025-04-22
C049,Pedro Mendoza,cliente049@datavision-demo.com,Chile,Empresarial,2025-05-24
C050,Rafael Ramos,cliente050@datavision-demo.com,Colombia,Empresarial,2025-09-13
C051,Carla Torres,cliente051@datavision-demo.com,Argentina,Gratuito,2025-02-21
C052,Sergio Cruz,cliente052@datavision-demo.com,Perú,Gratuito,2025-08-31
C053,Diego Rojas,cliente053@datavision-demo.com,México,Empresarial,2025-08-07
C054,Camila Medina,cliente054@datavision-demo.com,Perú,Básico,2026-01-24
C055,Ana Rojas,cliente055@datavision-demo.com,Colombia,Empresarial,2025-10-20
C056,Rafael Chávez,cliente056@datavision-demo.com,Ecuador,Empresarial,2025-06-08
C057,Lucía Vargas,cliente057@datavision-demo.com,Chile,Gratuito,2026-08-17
C058,Sergio Quispe,cliente058@datavision-demo.com,Ecuador,Profesional,2025-02-28
C059,Luis Salazar,cliente059@datavision-demo.com,México,Básico,2025-02-28
C060,Daniela Flores,cliente060@datavision-demo.com,Chile,Gratuito,2025-03-11
C061,Pedro Rojas,cliente061@datavision-demo.com,Perú,Básico,2026-08-16
C062,Iván Quispe,cliente062@datavision-demo.com,Argentina,Gratuito,2026-03-06
C063,Rosa Salazar,cliente063@datavision-demo.com,Argentina,Profesional,2025-09-25
C064,Lucía Paredes,cliente064@datavision-demo.com,Ecuador,Profesional,2025-09-02
C065,Sofía Rojas,cliente065@datavision-demo.com,Chile,Profesional,2026-04-14
C066,Valeria Medina,cliente066@datavision-demo.com,Perú,Gratuito,2026-04-15
C067,Iván Salazar,cliente067@datavision-demo.com,Perú,Gratuito,2026-07-05
C068,Lucía Huamán,cliente068@datavision-demo.com,Colombia,Básico,2025-12-24
C069,Carla Medina,cliente069@datavision-demo.com,Chile,Profesional,2025-10-19
C070,Diego Torres,cliente070@datavision-demo.com,Argentina,Profesional,2026-06-26
C071,Ana Paredes,cliente071@datavision-demo.com,Argentina,Profesional,2025-04-17
C072,María Vargas,cliente072@datavision-demo.com,Perú,Gratuito,2026-07-21
C073,María Vargas,cliente073@datavision-demo.com,Colombia,Básico,2025-12-18
C074,Lucía Paredes,cliente074@datavision-demo.com,Ecuador,Profesional,2026-06-02
C075,Hugo Vargas,cliente075@datavision-demo.com,Perú,Gratuito,2026-03-10
C076,Sofía Quispe,cliente076@datavision-demo.com,Perú,Profesional,2025-05-14
C077,Sofía Ramos,cliente077@datavision-demo.com,Ecuador,Empresarial,2026-07-19
C078,Rafael Huamán,cliente078@datavision-demo.com,Perú,Gratuito,2025-03-19
C079,María Huamán,cliente079@datavision-demo.com,Perú,Profesional,2026-08-20
C080,Sergio Ramos,cliente080@datavision-demo.com,México,Básico,2025-02-12
C081,Miguel Castillo,cliente081@datavision-demo.com,Perú,Profesional,2025-08-04
C082,Pedro Paredes,cliente082@datavision-demo.com,Perú,Profesional,2026-07-28
C083,Rafael Salazar,cliente083@datavision-demo.com,Ecuador,Básico,2025-08-31
C084,Diego Delgado,cliente084@datavision-demo.com,Chile,Empresarial,2025-01-26
C085,Diego Chávez,cliente085@datavision-demo.com,Colombia,Empresarial,2025-09-12
C086,Sofía Ramos,cliente086@datavision-demo.com,Ecuador,Gratuito,2026-01-27
C087,Luis Cruz,cliente087@datavision-demo.com,México,Básico,2025-07-24
C088,Paola Castillo,cliente088@datavision-demo.com,Colombia,Básico,2025-08-17
C089,Ana Paredes,cliente089@datavision-demo.com,Chile,Empresarial,2025-12-03
C090,Sofía Cruz,cliente090@datavision-demo.com,Perú,Profesional,2025-12-26
C091,Daniela Rojas,cliente091@datavision-demo.com,Ecuador,Profesional,2025-01-29
C092,Jorge Medina,cliente092@datavision-demo.com,Colombia,Básico,2026-08-18
C093,Sofía Quispe,cliente093@datavision-demo.com,Perú,Empresarial,2025-12-20
C094,Valeria Rojas,cliente094@datavision-demo.com,Argentina,Gratuito,2026-01-30
C095,Rosa Mendoza,cliente095@datavision-demo.com,Colombia,Gratuito,2026-03-23
C096,Ana Huamán,cliente096@datavision-demo.com,Argentina,Básico,2026-01-08
C097,Rafael Flores,cliente097@datavision-demo.com,Ecuador,Profesional,2025-11-18
C098,Jorge Chávez,cliente098@datavision-demo.com,Colombia,Profesional,2026-02-23
C099,Valeria Rojas,cliente099@datavision-demo.com,Ecuador,Profesional,2026-07-22
C100,María Mendoza,cliente100@datavision-demo.com,México,Empresarial,2025-06-28
