timestamp,ec2_cpu_utilization_pct,s3_almacenamiento_gb,peticiones_http,estado_alarma_cpu_70
2026-09-28 00:00,20.0,12.18,124,OK
2026-09-28 01:00,21.5,12.35,263,OK
2026-09-28 02:00,5,12.5,50,OK
2026-09-28 03:00,36.0,12.59,438,OK
2026-09-28 04:00,32.5,12.71,279,OK
2026-09-28 05:00,23.4,12.75,130,OK
2026-09-28 06:00,21.7,12.91,217,OK
2026-09-28 07:00,20.7,13.03,181,OK
2026-09-28 08:00,18.3,13.06,89,OK
2026-09-28 09:00,59.7,13.15,1423,OK
2026-09-28 10:00,55.0,13.31,1331,OK
2026-09-28 11:00,43.9,13.42,1370,OK
2026-09-28 12:00,68.2,13.56,1681,OK
2026-09-28 13:00,40.7,13.71,1280,OK
2026-09-28 14:00,82.9,13.86,2185,ALARMA
2026-09-28 15:00,46.2,13.94,1390,OK
2026-09-28 16:00,68.6,14.08,1901,OK
2026-09-28 17:00,68.3,14.12,1782,OK
2026-09-28 18:00,57.3,14.29,1487,OK
2026-09-28 19:00,61.0,14.47,2042,OK
2026-09-28 20:00,25.3,14.63,897,OK
2026-09-28 21:00,31.3,14.79,167,OK
2026-09-28 22:00,28.2,14.87,178,OK
2026-09-28 23:00,37.8,15.0,387,OK
2026-09-29 00:00,38.3,15.13,351,OK
2026-09-29 01:00,25.3,15.17,89,OK
2026-09-29 02:00,30.7,15.2,275,OK
2026-09-29 03:00,14.9,15.29,74,OK
2026-09-29 04:00,34.2,15.33,262,OK
2026-09-29 05:00,34.8,15.43,106,OK
2026-09-29 06:00,25.6,15.57,232,OK
2026-09-29 07:00,32.6,15.64,315,OK
2026-09-29 08:00,11.4,15.8,138,OK
2026-09-29 09:00,45.5,15.83,1166,OK
2026-09-29 10:00,42.3,15.88,1185,OK
2026-09-29 11:00,50.9,16.02,1632,OK
2026-09-29 12:00,92.1,16.18,2533,ALARMA
2026-09-29 13:00,58.9,16.29,1820,OK
2026-09-29 14:00,35.8,16.44,1304,OK
2026-09-29 15:00,55.2,16.55,1953,OK
2026-09-29 16:00,43.9,16.7,1185,OK
2026-09-29 17:00,50.4,16.84,1377,OK
2026-09-29 18:00,54.1,16.94,1686,OK
2026-09-29 19:00,63.9,17.06,2101,OK
2026-09-29 20:00,27.9,17.23,784,OK
2026-09-29 21:00,29.9,17.39,199,OK
2026-09-29 22:00,16.3,17.52,98,OK
2026-09-29 23:00,27.0,17.66,50,OK
2026-09-30 00:00,28.7,17.73,219,OK
2026-09-30 01:00,28.4,17.87,222,OK
2026-09-30 02:00,10.9,17.97,79,OK
2026-09-30 03:00,11.6,18.01,121,OK
2026-09-30 04:00,11.5,18.07,72,OK
2026-09-30 05:00,20.6,18.12,240,OK
2026-09-30 06:00,29.4,18.2,92,OK
2026-09-30 07:00,12.4,18.33,50,OK
2026-09-30 08:00,39.2,18.47,385,OK
2026-09-30 09:00,57.0,18.5,1648,OK
2026-09-30 10:00,44.9,18.62,1421,OK
2026-09-30 11:00,49.0,18.76,1752,OK
2026-09-30 12:00,66.5,18.81,2260,OK
2026-09-30 13:00,66.6,18.85,1910,OK
2026-09-30 14:00,67.2,18.99,2329,OK
2026-09-30 15:00,70.8,19.14,2509,ALARMA
2026-09-30 16:00,54.5,19.24,1708,OK
2026-09-30 17:00,51.6,19.32,1544,OK
2026-09-30 18:00,54.9,19.37,1741,OK
2026-09-30 19:00,52.0,19.53,1556,OK
2026-09-30 20:00,55.4,19.61,1896,OK
2026-09-30 21:00,38.6,19.77,560,OK
2026-09-30 22:00,5,19.91,50,OK
2026-09-30 23:00,17.3,20.0,157,OK
2026-10-01 00:00,23.5,20.03,107,OK
2026-10-01 01:00,16.8,20.19,178,OK
2026-10-01 02:00,32.8,20.37,446,OK
2026-10-01 03:00,28.6,20.46,203,OK
2026-10-01 04:00,21.1,20.54,307,OK
2026-10-01 05:00,23.8,20.59,174,OK
2026-10-01 06:00,17.2,20.71,107,OK
2026-10-01 07:00,12.0,20.81,103,OK
2026-10-01 08:00,25.9,20.97,131,OK
2026-10-01 09:00,55.5,20.99,1509,OK
2026-10-01 10:00,48.8,21.07,1536,OK
2026-10-01 11:00,65.9,21.24,1549,OK
2026-10-01 12:00,69.6,21.28,2092,OK
2026-10-01 13:00,72.8,21.45,2145,ALARMA
2026-10-01 14:00,60.5,21.49,1792,OK
2026-10-01 15:00,98,21.62,2567,ALARMA
2026-10-01 16:00,36.1,21.73,1348,OK
2026-10-01 17:00,65.8,21.76,1961,OK
2026-10-01 18:00,45.3,21.82,1283,OK
2026-10-01 19:00,54.4,21.97,1809,OK
2026-10-01 20:00,50.0,22.04,1209,OK
2026-10-01 21:00,24.5,22.09,219,OK
2026-10-01 22:00,27.5,22.14,71,OK
2026-10-01 23:00,30.7,22.22,341,OK
2026-10-02 00:00,5,22.27,50,OK
2026-10-02 01:00,22.2,22.31,227,OK
2026-10-02 02:00,33.3,22.47,409,OK
2026-10-02 03:00,24.1,22.62,155,OK
2026-10-02 04:00,22.9,22.68,205,OK
2026-10-02 05:00,17.6,22.81,194,OK
2026-10-02 06:00,23.0,22.83,436,OK
2026-10-02 07:00,15.9,22.97,156,OK
2026-10-02 08:00,25.0,23.12,292,OK
2026-10-02 09:00,56.0,23.27,1704,OK
2026-10-02 10:00,60.3,23.43,1794,OK
2026-10-02 11:00,45.2,23.55,1527,OK
2026-10-02 12:00,48.3,23.57,1378,OK
2026-10-02 13:00,98,23.72,3252,ALARMA
2026-10-02 14:00,71.2,23.76,2420,ALARMA
2026-10-02 15:00,83.0,23.91,2454,ALARMA
2026-10-02 16:00,78.1,23.96,2385,ALARMA
2026-10-02 17:00,56.4,24.05,1825,OK
2026-10-02 18:00,63.2,24.18,2159,OK
2026-10-02 19:00,34.3,24.27,1030,OK
2026-10-02 20:00,63.4,24.36,2023,OK
2026-10-02 21:00,13.8,24.42,50,OK
2026-10-02 22:00,37.5,24.44,274,OK
2026-10-02 23:00,13.3,24.54,152,OK
2026-10-03 00:00,26.8,24.65,110,OK
2026-10-03 01:00,21.5,24.67,219,OK
2026-10-03 02:00,23.0,24.82,160,OK
2026-10-03 03:00,21.5,24.92,304,OK
2026-10-03 04:00,16.7,24.98,190,OK
2026-10-03 05:00,29.1,25.03,287,OK
2026-10-03 06:00,7.7,25.17,50,OK
2026-10-03 07:00,27.1,25.28,50,OK
2026-10-03 08:00,34.9,25.45,247,OK
2026-10-03 09:00,61.2,25.51,1827,OK
2026-10-03 10:00,48.2,25.59,1715,OK
2026-10-03 11:00,41.9,25.67,1124,OK
2026-10-03 12:00,50.0,25.82,1455,OK
2026-10-03 13:00,64.8,25.87,1345,OK
2026-10-03 14:00,58.3,25.89,1766,OK
2026-10-03 15:00,46.1,26.04,1404,OK
2026-10-03 16:00,51.6,26.07,1650,OK
2026-10-03 17:00,64.4,26.21,2232,OK
2026-10-03 18:00,66.3,26.29,1583,OK
2026-10-03 19:00,64.4,26.33,1844,OK
2026-10-03 20:00,53.3,26.37,1700,OK
2026-10-03 21:00,41.8,26.55,225,OK
2026-10-03 22:00,21.3,26.72,120,OK
2026-10-03 23:00,17.0,26.87,50,OK
2026-10-04 00:00,27.2,26.92,338,OK
2026-10-04 01:00,19.7,26.96,252,OK
2026-10-04 02:00,21.8,27.13,50,OK
2026-10-04 03:00,5,27.3,75,OK
2026-10-04 04:00,38.3,27.47,326,OK
2026-10-04 05:00,31.9,27.58,222,OK
2026-10-04 06:00,30.1,27.72,201,OK
2026-10-04 07:00,27.1,27.77,492,OK
2026-10-04 08:00,28.2,27.9,181,OK
2026-10-04 09:00,41.6,27.99,998,OK
2026-10-04 10:00,54.3,28.02,1781,OK
2026-10-04 11:00,54.8,28.04,1742,OK
2026-10-04 12:00,42.8,28.21,1453,OK
2026-10-04 13:00,70.3,28.24,2118,ALARMA
2026-10-04 14:00,35.2,28.29,1089,OK
2026-10-04 15:00,72.3,28.31,2403,ALARMA
2026-10-04 16:00,54.7,28.36,1736,OK
2026-10-04 17:00,43.5,28.43,1491,OK
2026-10-04 18:00,76.1,28.52,2226,ALARMA
2026-10-04 19:00,47.2,28.61,1217,OK
2026-10-04 20:00,63.5,28.79,1974,OK
2026-10-04 21:00,14.3,28.95,144,OK
2026-10-04 22:00,10.8,29.02,65,OK
2026-10-04 23:00,33.2,29.13,319,OK
